{
    "loss": 0.4986028927732775,
    "accuracy": 0.9482758641242981
}